,train_loss,val_loss,train_time,mae_test,loss_test,emae_test
0,0.6411637,1000000.0,12.874292373657227,0,0.7244420569851573,0
