,train_loss,val_loss,train_time,mae_test,loss_test,emae_test
0,0.6185792,1000000.0,15.397058725357056,0,0.6988491461153056,0
