,train_loss,val_loss,train_time,mae_test,loss_test,emae_test
0,0.6135207,1000000.0,3.3970086574554443,0,0.6733655342121214,0
