,train_loss,val_loss,loss_test,l1_distance_train,l1_distance_test,train_time
0,1.2954689520736073,1.2936031790666802,1.2950392,42295.88256606162,19847.145845586223,39.90469551086426
