,train_loss,val_loss,loss_test,l1_distance_train,l1_distance_test,train_time
0,0.43215027711419174,0.4157787956470667,0.43442234,5416249.427749515,2514721.304958388,21.299702644348145
