,train_loss,val_loss,loss_test,l1_distance_train,l1_distance_test,train_time
0,10000000000.0,10000000000.0,1.2953508,59315.31485182868,28362.09222975742,101.10433721542358
