,train_loss,val_loss,loss_test,l1_distance_train,l1_distance_test,train_time
0,10000000000.0,10000000000.0,1.2965838,51999.02769594757,24379.029897234715,221.28396701812744
