,train_loss,val_loss,train_time,mae_test,loss_test,emae_test
0,10000000000.0,10000000000.0,61.55930685997009,0,0.7041106,0
