,train_loss,val_loss,train_time,mae_test,loss_test,emae_test
0,10000000000.0,10000000000.0,52.21235728263855,0,0.7046248,0
