,train_loss,val_loss,train_time,mae_test,loss_test,emae_test
0,0.5049849,1000000.0,6.984147548675537,0,0.6244669836778832,0
