,train_loss,val_loss,train_time,mae_test,loss_test,emae_test
0,0.7713433,1000000.0,1.7088489532470703,0,0.7868673231783,0
