,train_loss,val_loss,train_time,mae_test,loss_test,emae_test
0,0.5601089,1000000.0,7.3168113231658936,0,0.6785209547914366,0
