,train_loss,val_loss,train_time,mae_test,loss_test,emae_test
0,0.77190036,1000000.0,1.5346450805664062,0,0.7861260525840854,0
