,train_loss,val_loss,train_time,mae_test,loss_test,emae_test
0,0.5505649,1000000.0,1.75984525680542,0,0.6295328841603453,0
