,train_loss,val_loss,train_time,mae_test,loss_test,emae_test
0,0.48314422,1000000.0,9.025269269943237,0,0.6137508585642145,0
