,train_loss,val_loss,train_time,mae_test,loss_test,emae_test
0,0.74022331124929,,15.303337097167969,0,0.80509739425775,0
