,train_loss,val_loss,loss_test,l1_distance_train,l1_distance_test,train_time
0,0.42079297,0.41960427,0.4457607540643658,5614614.441220519,2610917.0964382207,6.397613763809204
