,train_loss,val_loss,loss_test,l1_distance_train,l1_distance_test,train_time
0,1.2882359246303448,1000000.0,1.3033914442390515,65175.34742437177,30928.60021930133,81.59243512153625
