,train_loss,val_loss,loss_test,l1_distance_train,l1_distance_test,train_time
0,1.3140714,1000000.0,1.3188458857948255,59741.315792163055,28290.1228564888,0.9253168106079102
