,train_loss,val_loss,train_time,mae_test,loss_test,emae_test
0,0.26795767277267807,0.25961591623260477,44.72934699058533,1.3986879432624113,0.25781772301568556,0.14750822773196365
