,train_loss,val_loss,train_time,mae_test,loss_test,emae_test
0,10000000000.0,10000000000.0,44.02936506271362,1.3801950354609929,0.25283328182381437,0.1482149446718141
