,train_loss,val_loss,train_time,mae_test,loss_test,emae_test
0,10000000000.0,10000000000.0,49.99259352684021,1.4213829787234042,0.26075026874105933,0.15194014544467374
