,train_loss,val_loss,train_time,mae_test,loss_test,emae_test
0,10000000000.0,10000000000.0,64.59519052505493,1.3713475177304963,0.251067834271688,0.1458915548155506
