,train_loss,val_loss,train_time,mae_test,loss_test,emae_test
0,10000000000.0,10000000000.0,307.6524851322174,1.4251063829787234,0.26152958914925145,0.15101551948774072
