,train_loss,val_loss,train_time,mae_test,loss_test,emae_test
0,10000000000.0,10000000000.0,45.597140073776245,1.3771099290780142,0.25234821403476687,0.14759613380078618
