,train_loss,val_loss,train_time,mae_test,loss_test,emae_test
0,10000000000.0,10000000000.0,61.400792598724365,1.3726063829787234,0.2516173382929591,0.1476581035362917
