,train_loss,val_loss,train_time,mae_test,loss_test,emae_test
0,0.6530710728033214,0.3902873881792618,37.986185789108276,1.5832801418439717,0.38099570605280414,0.13821054631279486
