,train_loss,val_loss,train_time,mae_test,loss_test,emae_test
0,0.24884266,0.25436872,113.90463614463806,1.3810106382978724,0.25335353101322944,0.14867489723953187
