,train_loss,val_loss,train_time,mae_test,loss_test,emae_test
0,0.24951258,1000000.0,178.0413625240326,1.3702127659574468,0.2512365138784862,0.1464575893849886
