,train_loss,val_loss,train_time,mae_test,loss_test,emae_test
0,0.25353155,0.25726497,51.40830445289612,1.4039946267927652,0.2581910887597049,0.15106688518703862
