,train_loss,val_loss,train_time,mae_test,loss_test,emae_test
0,0.24560116,1000000.0,57.13579821586609,1.3759751773049644,0.25245042108965776,0.14662079001221412
