,train_loss,val_loss,train_time,mae_test,loss_test,emae_test
0,0.26040545,1000000.0,292.94837617874146,1.4132978723404255,0.25966768805532253,0.15167797837605723
