,train_loss,val_loss,train_time,mae_test,loss_test,emae_test
0,0.2099091,0.23416105,2.65425705909729,1.2189526184538653,0.2290110023306557,0.133975660947946
