,train_loss,val_loss,train_time,mae_test,loss_test,emae_test
0,0.25083974,1000000.0,241.07578587532043,1.3682446808510638,0.2509433551313285,0.14640550534997507
