,train_loss,val_loss,train_time,mae_test,loss_test,emae_test
0,0.26028633,1000000.0,806.5249073505402,1.414131205673759,0.25957809885445005,0.15145430913667524
