,train_loss,val_loss,train_time,mae_test,loss_test,emae_test
0,0.24907577,1000000.0,169.30299878120422,1.3692553191489363,0.251063190393434,0.14639779079343715
