,train_loss,val_loss,train_time,mae_test,loss_test,emae_test
0,0.22550053715705873,0.23385641404560634,19.338538885116577,1.2149625935162094,0.22739859676865756,0.13098511274056815
