,train_loss,val_loss,train_time,mae_test,loss_test,emae_test
0,10000000000.0,10000000000.0,84.08561539649963,1.370336879432624,0.25078272302753585,0.1453468225880729
