,train_loss,val_loss,train_time,mae_test,loss_test,emae_test
0,0.27032368733606216,0.2690273747170642,254.27309703826904,1.4704812819712614,0.27013209248874454,0.15783673732126152
