,train_loss,val_loss,train_time,mae_test,loss_test,emae_test
0,1285.733558079389,0.2702100272737654,9.89960265159607,1.4472517730496455,,0.1443237078617274
