,train_loss,val_loss,train_time,mae_test,loss_test,emae_test
0,10000000000.0,10000000000.0,85.42215728759766,1.3754964539007093,0.25223098194442933,0.14717491614528574
