,train_loss,val_loss,train_time,mae_test,loss_test,emae_test
0,10000000000.0,10000000000.0,12.178747653961182,0,0.7792685,0
