,train_loss,val_loss,train_time,mae_test,loss_test,emae_test
0,10000000000.0,10000000000.0,4.984423875808716,0,0.700539,0
