,train_loss,val_loss,train_time,mae_test,loss_test,emae_test
0,0.3668129585900865,,18.9162335395813,0,0.6218600072136828,0
