,train_loss,val_loss,loss_test,train_time,L1_distance_train_class_0,L1_distance_test_class_0,L1_distance_train_class_1,L1_distance_test_class_1,L1_distance_train_class_2,L1_distance_test_class_2,L1_distance_train_class_3,L1_distance_test_class_3
0,1.3499282855718728,,1.2559194027883973,49.80790829658508,19128.95664371087,1870.6570624745527,70420.33561505162,2629.788001097095,173634.6171538943,2198.5840808650983,0.0,0.0
