,train_loss,val_loss,train_time,mae_test,loss_test,emae_test
0,1479.7158923339844,1383.137974330357,0.8881213665008545,1.8847880299251871,,0.14498824181505193
