,train_loss,val_loss,train_time,mae_test,loss_test,emae_test
0,45.50969154817838,0.27846252581494,14.983105897903442,1.519113475177305,0.27781361094512147,0.16067009045047612
