,train_loss,val_loss,train_time,mae_test,loss_test,emae_test
0,0.2660828924812619,0.2634362607420265,178.45467376708984,1.4248768640008684,0.2644230293596149,0.15868173006632239
